Question,Answer,Type
"Question: How do you handle feedback, and what steps do you take to improve your performance?","Answer: I value feedback as an opportunity for growth. When receiving feedback, I carefully consider the input, identify areas for improvement, and create a plan to address those areas. Continuous improvement is crucial to my professional development.",Common
Question: Describe a situation where you had to meet a tight deadline. How did you manage your time to ensure timely completion?,"Answer: In a previous role, I faced a tight deadline on a project for (mention the project). I prioritized tasks, delegated responsibilities efficiently, and maintained open communication with the team. This approach allowed us to meet the deadline successfully.",Common
Question: How do you adapt to changes and unforeseen challenges in the workplace?,"Answer: I embrace change as an opportunity for learning and growth. When faced with unforeseen challenges, I remain flexible, assess the situation, and adjust my approach as needed. This adaptability has allowed me to navigate unexpected situations effectively.",Common
"Question: What motivates you in your work, and how do you stay motivated during challenging times?","Answer: I am motivated by (mention your motivators, e.g., achieving goals, making a positive impact). During challenging times, I focus on the end goal, break tasks into manageable steps, and celebrate small successes along the way to maintain motivation.",Common
Question: How do you contribute to fostering a collaborative team environment?,"Answer: I contribute to a collaborative team environment by (mention your actions, e.g., promoting open communication, encouraging diverse perspectives). Building a positive and inclusive atmosphere is essential for achieving collective goals.",Common
Question: Can you share an example of a time when you had to learn a new skill quickly for a project?,"Answer: In a previous project at (previous company), I needed to learn (mention the skill) within a short timeframe. I utilized online resources, attended training sessions, and sought guidance from experienced colleagues, allowing me to acquire the necessary skills efficiently.",Common
Question: Describe a situation where you had to take initiative to solve a problem without direct guidance.,"Answer: In a previous role, I noticed (describe the problem), and recognizing the importance of swift action, I took the initiative to (mention your specific actions). This proactive approach resulted in a timely resolution of the issue.",Common
"Question: How do you handle high-pressure situations, and what strategies do you employ to remain calm under stress?","Answer: I handle high-pressure situations by (mention your strategies, e.g., staying organized, prioritizing tasks). Maintaining a calm demeanor allows me to think clearly and make informed decisions even in challenging circumstances.",Common
Question: Can you discuss a time when you had to collaborate with cross-functional teams or departments?,"Answer: In a previous role, I collaborated with (mention the teams or departments), ensuring effective communication and coordination. This collaboration contributed to the success of the project and strengthened interdepartmental relationships.",Common
"Question: How do you stay organized, and what tools or methods do you use to keep track of tasks and deadlines?","Answer: I stay organized by (mention your methods, e.g., using project management tools, creating to-do lists). This systematic approach helps me prioritize tasks, meet deadlines, and ensures that nothing falls through the cracks.",Common
Question: Can you describe a situation where you had to delegate tasks to team members effectively?,"Answer: In a previous leadership role, I delegated tasks based on team members' strengths and expertise. Clear communication, regular check-ins, and providing necessary support ensured that each team member contributed effectively to the overall success of the project.",Common
Question: How do you handle competing priorities and multiple projects simultaneously?,"Answer: I handle competing priorities by (mention your approach, e.g., setting clear priorities, multitasking efficiently). Utilizing time management skills and regularly reassessing priorities help me navigate and successfully manage multiple projects concurrently.",Common
Question: Describe a situation where you had to communicate complex information to a non-technical audience.,"Answer: In a previous role, I had to present (describe the complex information) to a non-technical audience. I simplified the content, used clear and concise language, and provided relatable examples, ensuring that the information was easily understandable.",Common
Question: How do you ensure that you stay informed about industry regulations and compliance requirements?,"Answer: Staying informed about industry regulations is crucial. I regularly review (mention your sources, e.g., legal updates, industry publications), attend relevant training sessions, and collaborate with compliance experts to ensure adherence to all necessary regulations.",Common
Question: Can you share an example of a time when you had to resolve a conflict within your team?,"Answer: In a previous role, there was a conflict regarding (describe the nature of the conflict). I facilitated a constructive dialogue, encouraged open communication, and worked with the involved parties to find a mutually agreeable solution. This approach resulted in a resolution that maintained team cohesion.",Common
Question: How do you stay updated on advancements in your field and incorporate new knowledge into your work?,"Answer: I stay updated on advancements through (mention your sources, e.g., industry conferences, online courses). Incorporating new knowledge involves (describe your process, e.g., regular self-directed learning, experimentation), ensuring that my skills remain current.",Common
"Question: Describe a time when you had to meet a challenging goal. How did you approach it, and what was the outcome?","Answer: I met a challenging goal in (mention the context), utilizing a strategic plan that included (describe your approach). The outcome was (mention the positive result, e.g., surpassing the goal, achieving desired outcomes), showcasing my ability to deliver results under pressure.",Common
Question: How do you handle situations where your workload is overwhelming?,"Answer: When faced with an overwhelming workload, I prioritize tasks based on (mention your criteria, e.g., urgency, importance). Delegating when possible and maintaining clear communication with team members ensures that deadlines are met efficiently.",Common
Question: Can you discuss a time when you had to learn from a mistake or failure?,"Answer: I learned from a mistake in (describe the situation), analyzing the factors that led to the error. This experience taught me (mention the lesson learned, e.g., the importance of thorough double-checking), and I implemented changes to avoid similar mistakes in the future.",Common
Question: How do you ensure that your work aligns with the overall goals and objectives of the organization?,"Answer: I align my work with organizational goals by (mention your strategies, e.g., regularly reviewing objectives, seeking feedback). This ensures that my contributions directly support the broader mission and objectives of the organization.",Common
Question: Can you share an example of a time when you had to juggle multiple projects with conflicting deadlines?,"Answer: Juggling multiple projects with conflicting deadlines is not uncommon. I prioritize tasks based on (mention your approach, e.g., project importance, deadline proximity), and effective time management ensures that each project receives the attention it requires.",Common
Question: How do you approach building and maintaining positive relationships with colleagues and stakeholders?,"Answer: I build positive relationships by (mention your actions, e.g., active listening, open communication). Regular check-ins, collaboration, and understanding the needs of colleagues and stakeholders contribute to fostering a positive and collaborative work environment.",Common
Question: Describe a situation where you had to meet a tight budget. How did you manage costs effectively?,"Answer: Meeting a tight budget involves (mention your strategies, e.g., careful cost analysis, negotiating with vendors). In a previous project, I successfully managed costs by optimizing resources and finding cost-effective solutions without compromising quality.",Common
"Question: How do you handle conflicting opinions within a team, and what steps do you take to reach consensus?","Answer: I address conflicting opinions by (mention your approach, e.g., facilitating open discussions, finding common ground). Encouraging team members to share perspectives and working collaboratively to find consensus ensures that everyone's input is considered.",Common
Question: Can you discuss a time when you had to implement a new process or system? How did you manage the transition?,"Answer: Implementing a new process or system involves (mention your steps, e.g., thorough planning, effective communication). I lead the transition by (describe your role, e.g., training team members, providing support), ensuring a smooth and successful implementation.",Common
"Question: How do you approach problem-solving, and can you provide an example of a challenging problem you've successfully resolved?","Answer: I approach problem-solving by (mention your approach, e.g., breaking down the problem, seeking input from team members). In a challenging situation at (previous company), I successfully resolved (describe the problem and solution).",Common
Question: How do you handle tight deadlines without sacrificing the quality of your work?,"Answer: Handling tight deadlines involves (mention your strategies, e.g., effective time management, prioritizing tasks). While meeting deadlines is crucial, maintaining the quality of work requires (describe your focus, e.g., attention to detail, efficient processes).",Common
Question: Can you discuss a time when you had to provide constructive feedback to a team member?,"Answer: Providing constructive feedback involves (mention your approach, e.g., emphasizing specific behaviors, offering solutions). In a previous role, I provided feedback to a team member about (describe the situation), focusing on improvement and fostering a positive work environment.",Common
Question: How do you ensure that your work remains innovative and stays ahead of industry trends?,"Answer: Staying innovative involves (mention your strategies, e.g., continuous learning, exploring new technologies). Regularly experimenting with new ideas and staying informed about emerging trends allows me to bring fresh perspectives to my work.",Common
Question: Describe a time when you had to lead a team through a significant change. How did you ensure a smooth transition?,"Answer: Leading a team through significant change involves (mention your strategies, e.g., effective communication, providing support). I navigated a major change at (previous company) by (describe your role, e.g., holding regular team meetings, addressing concerns proactively).",Common
Question: How do you handle situations where your team is not meeting its goals?,"Answer: Addressing a team not meeting its goals involves (mention your approach, e.g., identifying root causes, collaborating on solutions). I addressed a similar situation by (describe your actions, e.g., analyzing performance metrics, implementing targeted training).",Common
Question: Can you share an example of a time when you had to negotiate with external partners or vendors?,"Answer: Negotiating with external partners or vendors involves (mention your strategies, e.g., researching market rates, establishing clear objectives). In a previous role, I negotiated a favorable contract with (mention the partner or vendor) by (describe your negotiation tactics).",Common
Question: How do you ensure that your team remains motivated and engaged in their work?,"Answer: Ensuring team motivation involves (mention your actions, e.g., recognizing achievements, providing professional development opportunities). I maintain team motivation by (describe your strategies, e.g., conducting regular team-building activities, fostering a positive work culture).",Common
Question: Can you discuss a time when you had to quickly adapt to a change in project scope or objectives?,"Answer: Quickly adapting to changes involves (mention your approach, e.g., assessing impact, adjusting plans). I navigated a change in project scope at (previous company) by (describe your actions, e.g., re-evaluating project goals, communicating adjustments to the team).",Common
"Question: How do you ensure effective communication within your team, especially in remote or dispersed work environments?","Answer: Ensuring effective communication in remote or dispersed environments involves (mention your strategies, e.g., leveraging communication tools, scheduling regular check-ins). I maintained strong communication in a remote team by (describe your actions, e.g., using video conferencing, setting clear expectations).",Common
Question: Describe a situation where you had to resolve a disagreement among team members.,"Answer: Resolving a disagreement among team members involves (mention your approach, e.g., facilitating a discussion, finding common ground). In a previous project, I successfully addressed (describe the disagreement) by (describe your actions, e.g., fostering open communication, mediating discussions).",Common
Question: How do you ensure that your work contributes to the overall efficiency and productivity of the team?,"Answer: Contributing to team efficiency involves (mention your strategies, e.g., optimizing processes, identifying bottlenecks). In my role at (previous company), I improved team efficiency by (describe your specific contributions, e.g., implementing streamlined workflows, introducing automation).",Common
Question: Can you discuss a time when you had to manage conflicting priorities within your own workload?,"Answer: Managing conflicting priorities involves (mention your approach, e.g., setting clear priorities, delegating when necessary). In a situation at (previous company), I successfully managed (describe the conflicting priorities) by (describe your specific actions, e.g., effective time management, clear communication).",Common
Question: How do you ensure that your team members feel valued and supported in their professional development?,"Answer: Ensuring team members feel valued involves (mention your actions, e.g., providing feedback, recognizing achievements). Supporting professional development includes (describe your strategies, e.g., offering training opportunities, facilitating mentorship).",Common
Question: Can you provide an example of a time when you had to collaborate with external stakeholders to achieve a common goal?,"Answer: Collaborating with external stakeholders involves (mention your approach, e.g., establishing clear communication channels, aligning goals). In a previous project, I successfully collaborated with (mention the external stakeholders) by (describe your specific actions, e.g., regular meetings, joint planning).",Common
"Question: How do you stay organized in a fast-paced work environment, and what tools do you use for organization?","Answer: Staying organized in a fast-paced environment involves (mention your strategies, e.g., using project management tools, maintaining to-do lists). I stay organized by (describe your specific practices, e.g., setting priorities, utilizing time-blocking).",Common
Question: Describe a situation where you had to provide guidance and support to a team member who was struggling with their tasks.,"Answer: Providing guidance and support involves (mention your approach, e.g., offering constructive feedback, identifying areas for improvement). In a previous role, I supported a struggling team member by (describe your specific actions, e.g., providing additional training, regular check-ins).",Common
Question: How do you foster a culture of continuous improvement within your team?,"Answer: Fostering a culture of continuous improvement involves (mention your strategies, e.g., encouraging feedback, promoting a growth mindset). I fostered such a culture in a previous team by (describe your specific actions, e.g., implementing regular retrospectives, celebrating small wins).",Common
"Question: Can you discuss a time when you had to lead a team through a challenging project, and how did you ensure the team's success?","Answer: Leading a team through a challenging project involves (mention your strategies, e.g., effective planning, clear communication). I led a team through a challenging project at (previous company) by (describe your specific actions, e.g., providing guidance, addressing obstacles proactively).",Common
Question: How do you ensure that your work aligns with the organization's values and culture?,"Answer: Ensuring alignment with the organization's values involves (mention your approach, e.g., understanding company values, integrating them into decision-making). In my role at (current or previous company), I aligned my work with the organization's values by (describe your specific actions, e.g., incorporating values into project goals, fostering a positive work culture).",Common
Question: Can you briefly describe your previous experience in a similar role?,"Answer: In my previous role at (previous company), I was responsible for (specific tasks and responsibilities). This experience equipped me with the necessary skills in (mention relevant skills), and I believe it aligns well with the requirements of this position.",Common
Question: How do you handle challenging situations or conflicts within a team?,"Answer: I approach challenging situations by (describe your approach, e.g., staying calm and seeking collaborative solutions). In a previous project at (previous company), I successfully resolved a conflict by (provide a brief example), emphasizing open communication and finding common ground.",Common
Question: What strategies do you use to prioritize tasks and manage your time effectively?,"Answer: I prioritize tasks based on (mention your criteria, e.g., deadlines, importance). In my previous role, I used (specific tools or methods) to organize my workflow, ensuring that essential tasks were completed first and projects were delivered on schedule.",Common
Question: How do you stay updated on industry trends and advancements?,"Answer: I stay informed about industry trends through (mention sources, e.g., industry publications, online forums, professional networks). Subscribing to newsletters, attending webinars, and participating in relevant online communities are some of the ways I ensure that my knowledge is current.",Common
Question: Can you provide an example of a successful project you've worked on in the past?,"Answer: One notable project I worked on was (describe the project), where I played a key role in (specific contribution). This project resulted in (mention the positive outcome, e.g., increased efficiency, cost savings), showcasing my ability to contribute effectively to achieving organizational goals.",Common